<?xml version="1.0" encoding="UTF-8" standalone="yes"?>
<addon id="script.xbmc.audio.mixer" name="Kodi Audio Mixer" version="4.0.1" provider-name="Team Kodi">
	<requires>
		<import addon="xbmc.python" version="2.25.0"/>
	</requires>
	<extension point="xbmc.python.script" library="default.py"/>
	<extension point="xbmc.addon.metadata">
		<platform>osx linux</platform>
		<summary lang="en">Kodi Audio Mixer</summary>
		<description lang="en">Kodi Audio Mixer</description>
		<license>GNU GENERAL PUBLIC LICENSE. Version 2, June 1991</license>
		<forum></forum>
		<website></website>
		<email></email>
		<source>https://github.com/XBMC-Addons/script.xbmc.audio.mixer</source>
	</extension>
</addon>
