<?xml version="1.0" encoding="UTF-8"?>
<addon id="plugin.video.billy-graham" version="1.0" name="Billy Graham Sermons" provider-name="Randall Glass">
    <requires>
        <import addon="xbmc.python" version="2.1.0"/>
        <import addon="script.module.urlresolver" version="2.1.2"/>
	<import addon="script.module.t0mm0.common" version="2.1.0"/>
	<import addon="script.module.beautifulsoup4" version="4.3.1"/>
    </requires>
    <extension point="xbmc.python.pluginsource" library="default.py">
        <provides>video</provides>
    </extension>
    <extension point="xbmc.addon.metadata">
	<language />
        <summary>Billy Graham Sermons</summary>
        <description>Billy Graham Sermons. Videos from youtube.</description>
        <platform>all</platform>
        <license>GNU GENERAL PUBLIC LICENSE. Version 3, 29 June 2007</license>
        <forum></forum>
        <source>https://github.com/asojka09/plugin.video.creationtoday_org</source>
	<email>rlglass2@yahoo.com</email>
    </extension>
</addon>