<?xml version="1.0" encoding="UTF-8" standalone="yes"?>
<addon id="plugin.program.alphaomegawiz" name="Alpha-Omega Wizard" version="1.0" provider-name="Lassar">
  <requires>
    <import addon="xbmc.python" version="2.1.0"/>
  </requires>
  <extension point="xbmc.python.pluginsource" library="default.py">
    <provides>executable</provides>
  </extension>
  <extension point="xbmc.service" library="startup.py" start="startup" />
  <extension point="xbmc.addon.metadata">
    <summary lang="en">Alpha-Omega Wizard</summary>
    <description lang="en">Alpha Omega Wizard installs Christian Kodi Alpha Omega build Connects to youtube christian videos, christian radio IPTV list, and audio bible.</description>
    <platform>all</platform>
  </extension>
</addon>